C:\geo-deep-learning\Data\images\AnnualCrop_1.tif;C:\geo-deep-learning\Data\masks\AnnualCrop_1.tif
C:\geo-deep-learning\Data\images\AnnualCrop_10.tif;C:\geo-deep-learning\Data\masks\AnnualCrop_10.tif
C:\geo-deep-learning\Data\images\AnnualCrop_100.tif;C:\geo-deep-learning\Data\masks\AnnualCrop_100.tif
C:\geo-deep-learning\Data\images\AnnualCrop_1000.tif;C:\geo-deep-learning\Data\masks\AnnualCrop_1000.tif
C:\geo-deep-learning\Data\images\AnnualCrop_1001.tif;C:\geo-deep-learning\Data\masks\AnnualCrop_1001.tif
C:\geo-deep-learning\Data\images\AnnualCrop_1002.tif;C:\geo-deep-learning\Data\masks\AnnualCrop_1002.tif
C:\geo-deep-learning\Data\images\AnnualCrop_1003.tif;C:\geo-deep-learning\Data\masks\AnnualCrop_1003.tif
C:\geo-deep-learning\Data\images\AnnualCrop_1004.tif;C:\geo-deep-learning\Data\masks\AnnualCrop_1004.tif
C:\geo-deep-learning\Data\images\AnnualCrop_1005.tif;C:\geo-deep-learning\Data\masks\AnnualCrop_1005.tif
C:\geo-deep-learning\Data\images\AnnualCrop_1006.tif;C:\geo-deep-learning\Data\masks\AnnualCrop_1006.tif
C:\geo-deep-learning\Data\images\AnnualCrop_1007.tif;C:\geo-deep-learning\Data\masks\AnnualCrop_1007.tif
C:\geo-deep-learning\Data\images\AnnualCrop_1008.tif;C:\geo-deep-learning\Data\masks\AnnualCrop_1008.tif
C:\geo-deep-learning\Data\images\AnnualCrop_1009.tif;C:\geo-deep-learning\Data\masks\AnnualCrop_1009.tif
C:\geo-deep-learning\Data\images\AnnualCrop_101.tif;C:\geo-deep-learning\Data\masks\AnnualCrop_101.tif
C:\geo-deep-learning\Data\images\AnnualCrop_1010.tif;C:\geo-deep-learning\Data\masks\AnnualCrop_1010.tif
C:\geo-deep-learning\Data\images\AnnualCrop_1011.tif;C:\geo-deep-learning\Data\masks\AnnualCrop_1011.tif
C:\geo-deep-learning\Data\images\AnnualCrop_1012.tif;C:\geo-deep-learning\Data\masks\AnnualCrop_1012.tif
C:\geo-deep-learning\Data\images\AnnualCrop_1013.tif;C:\geo-deep-learning\Data\masks\AnnualCrop_1013.tif
C:\geo-deep-learning\Data\images\AnnualCrop_1014.tif;C:\geo-deep-learning\Data\masks\AnnualCrop_1014.tif
C:\geo-deep-learning\Data\images\AnnualCrop_1015.tif;C:\geo-deep-learning\Data\masks\AnnualCrop_1015.tif
C:\geo-deep-learning\Data\images\AnnualCrop_1016.tif;C:\geo-deep-learning\Data\masks\AnnualCrop_1016.tif
C:\geo-deep-learning\Data\images\AnnualCrop_1017.tif;C:\geo-deep-learning\Data\masks\AnnualCrop_1017.tif
C:\geo-deep-learning\Data\images\AnnualCrop_1018.tif;C:\geo-deep-learning\Data\masks\AnnualCrop_1018.tif
C:\geo-deep-learning\Data\images\AnnualCrop_1019.tif;C:\geo-deep-learning\Data\masks\AnnualCrop_1019.tif
C:\geo-deep-learning\Data\images\AnnualCrop_102.tif;C:\geo-deep-learning\Data\masks\AnnualCrop_102.tif
C:\geo-deep-learning\Data\images\AnnualCrop_1020.tif;C:\geo-deep-learning\Data\masks\AnnualCrop_1020.tif
C:\geo-deep-learning\Data\images\AnnualCrop_1021.tif;C:\geo-deep-learning\Data\masks\AnnualCrop_1021.tif
C:\geo-deep-learning\Data\images\AnnualCrop_1022.tif;C:\geo-deep-learning\Data\masks\AnnualCrop_1022.tif
C:\geo-deep-learning\Data\images\AnnualCrop_1023.tif;C:\geo-deep-learning\Data\masks\AnnualCrop_1023.tif
C:\geo-deep-learning\Data\images\AnnualCrop_1024.tif;C:\geo-deep-learning\Data\masks\AnnualCrop_1024.tif
C:\geo-deep-learning\Data\images\AnnualCrop_1025.tif;C:\geo-deep-learning\Data\masks\AnnualCrop_1025.tif
C:\geo-deep-learning\Data\images\AnnualCrop_1026.tif;C:\geo-deep-learning\Data\masks\AnnualCrop_1026.tif
C:\geo-deep-learning\Data\images\AnnualCrop_1027.tif;C:\geo-deep-learning\Data\masks\AnnualCrop_1027.tif
C:\geo-deep-learning\Data\images\AnnualCrop_1028.tif;C:\geo-deep-learning\Data\masks\AnnualCrop_1028.tif
C:\geo-deep-learning\Data\images\AnnualCrop_1029.tif;C:\geo-deep-learning\Data\masks\AnnualCrop_1029.tif
C:\geo-deep-learning\Data\images\AnnualCrop_103.tif;C:\geo-deep-learning\Data\masks\AnnualCrop_103.tif
C:\geo-deep-learning\Data\images\AnnualCrop_1030.tif;C:\geo-deep-learning\Data\masks\AnnualCrop_1030.tif
C:\geo-deep-learning\Data\images\AnnualCrop_1031.tif;C:\geo-deep-learning\Data\masks\AnnualCrop_1031.tif
C:\geo-deep-learning\Data\images\AnnualCrop_1032.tif;C:\geo-deep-learning\Data\masks\AnnualCrop_1032.tif
C:\geo-deep-learning\Data\images\AnnualCrop_1033.tif;C:\geo-deep-learning\Data\masks\AnnualCrop_1033.tif
C:\geo-deep-learning\Data\images\AnnualCrop_1034.tif;C:\geo-deep-learning\Data\masks\AnnualCrop_1034.tif
C:\geo-deep-learning\Data\images\AnnualCrop_1035.tif;C:\geo-deep-learning\Data\masks\AnnualCrop_1035.tif
C:\geo-deep-learning\Data\images\AnnualCrop_1036.tif;C:\geo-deep-learning\Data\masks\AnnualCrop_1036.tif
C:\geo-deep-learning\Data\images\AnnualCrop_1037.tif;C:\geo-deep-learning\Data\masks\AnnualCrop_1037.tif
C:\geo-deep-learning\Data\images\AnnualCrop_1038.tif;C:\geo-deep-learning\Data\masks\AnnualCrop_1038.tif
C:\geo-deep-learning\Data\images\AnnualCrop_1039.tif;C:\geo-deep-learning\Data\masks\AnnualCrop_1039.tif
C:\geo-deep-learning\Data\images\AnnualCrop_104.tif;C:\geo-deep-learning\Data\masks\AnnualCrop_104.tif
C:\geo-deep-learning\Data\images\AnnualCrop_1040.tif;C:\geo-deep-learning\Data\masks\AnnualCrop_1040.tif
C:\geo-deep-learning\Data\images\AnnualCrop_1041.tif;C:\geo-deep-learning\Data\masks\AnnualCrop_1041.tif
C:\geo-deep-learning\Data\images\AnnualCrop_1042.tif;C:\geo-deep-learning\Data\masks\AnnualCrop_1042.tif
C:\geo-deep-learning\Data\images\Forest_1.tif;C:\geo-deep-learning\Data\masks\Forest_1.tif
C:\geo-deep-learning\Data\images\Forest_10.tif;C:\geo-deep-learning\Data\masks\Forest_10.tif
C:\geo-deep-learning\Data\images\Forest_100.tif;C:\geo-deep-learning\Data\masks\Forest_100.tif
C:\geo-deep-learning\Data\images\Forest_1000.tif;C:\geo-deep-learning\Data\masks\Forest_1000.tif
C:\geo-deep-learning\Data\images\Forest_1001.tif;C:\geo-deep-learning\Data\masks\Forest_1001.tif
C:\geo-deep-learning\Data\images\Forest_1002.tif;C:\geo-deep-learning\Data\masks\Forest_1002.tif
C:\geo-deep-learning\Data\images\Forest_1003.tif;C:\geo-deep-learning\Data\masks\Forest_1003.tif
C:\geo-deep-learning\Data\images\Forest_1004.tif;C:\geo-deep-learning\Data\masks\Forest_1004.tif
C:\geo-deep-learning\Data\images\Forest_1005.tif;C:\geo-deep-learning\Data\masks\Forest_1005.tif
C:\geo-deep-learning\Data\images\Forest_1006.tif;C:\geo-deep-learning\Data\masks\Forest_1006.tif
C:\geo-deep-learning\Data\images\Forest_1007.tif;C:\geo-deep-learning\Data\masks\Forest_1007.tif
C:\geo-deep-learning\Data\images\Forest_1008.tif;C:\geo-deep-learning\Data\masks\Forest_1008.tif
C:\geo-deep-learning\Data\images\Forest_1009.tif;C:\geo-deep-learning\Data\masks\Forest_1009.tif
C:\geo-deep-learning\Data\images\Forest_101.tif;C:\geo-deep-learning\Data\masks\Forest_101.tif
C:\geo-deep-learning\Data\images\Forest_1010.tif;C:\geo-deep-learning\Data\masks\Forest_1010.tif
C:\geo-deep-learning\Data\images\Forest_1011.tif;C:\geo-deep-learning\Data\masks\Forest_1011.tif
C:\geo-deep-learning\Data\images\Forest_1012.tif;C:\geo-deep-learning\Data\masks\Forest_1012.tif
C:\geo-deep-learning\Data\images\Forest_1013.tif;C:\geo-deep-learning\Data\masks\Forest_1013.tif
C:\geo-deep-learning\Data\images\Forest_1014.tif;C:\geo-deep-learning\Data\masks\Forest_1014.tif
C:\geo-deep-learning\Data\images\Forest_1015.tif;C:\geo-deep-learning\Data\masks\Forest_1015.tif
C:\geo-deep-learning\Data\images\Forest_1016.tif;C:\geo-deep-learning\Data\masks\Forest_1016.tif
C:\geo-deep-learning\Data\images\Forest_1017.tif;C:\geo-deep-learning\Data\masks\Forest_1017.tif
C:\geo-deep-learning\Data\images\Forest_1018.tif;C:\geo-deep-learning\Data\masks\Forest_1018.tif
C:\geo-deep-learning\Data\images\Forest_1019.tif;C:\geo-deep-learning\Data\masks\Forest_1019.tif
C:\geo-deep-learning\Data\images\Forest_102.tif;C:\geo-deep-learning\Data\masks\Forest_102.tif
C:\geo-deep-learning\Data\images\Forest_1020.tif;C:\geo-deep-learning\Data\masks\Forest_1020.tif
C:\geo-deep-learning\Data\images\Forest_1021.tif;C:\geo-deep-learning\Data\masks\Forest_1021.tif
C:\geo-deep-learning\Data\images\Forest_1022.tif;C:\geo-deep-learning\Data\masks\Forest_1022.tif
C:\geo-deep-learning\Data\images\Forest_1023.tif;C:\geo-deep-learning\Data\masks\Forest_1023.tif
C:\geo-deep-learning\Data\images\Forest_1024.tif;C:\geo-deep-learning\Data\masks\Forest_1024.tif
C:\geo-deep-learning\Data\images\Forest_1025.tif;C:\geo-deep-learning\Data\masks\Forest_1025.tif
C:\geo-deep-learning\Data\images\Forest_1026.tif;C:\geo-deep-learning\Data\masks\Forest_1026.tif
C:\geo-deep-learning\Data\images\Forest_1027.tif;C:\geo-deep-learning\Data\masks\Forest_1027.tif
C:\geo-deep-learning\Data\images\Forest_1028.tif;C:\geo-deep-learning\Data\masks\Forest_1028.tif
C:\geo-deep-learning\Data\images\Forest_1029.tif;C:\geo-deep-learning\Data\masks\Forest_1029.tif
C:\geo-deep-learning\Data\images\Forest_103.tif;C:\geo-deep-learning\Data\masks\Forest_103.tif
C:\geo-deep-learning\Data\images\Forest_1030.tif;C:\geo-deep-learning\Data\masks\Forest_1030.tif
C:\geo-deep-learning\Data\images\Forest_1031.tif;C:\geo-deep-learning\Data\masks\Forest_1031.tif
C:\geo-deep-learning\Data\images\Forest_1032.tif;C:\geo-deep-learning\Data\masks\Forest_1032.tif
C:\geo-deep-learning\Data\images\Forest_1033.tif;C:\geo-deep-learning\Data\masks\Forest_1033.tif
C:\geo-deep-learning\Data\images\Forest_1034.tif;C:\geo-deep-learning\Data\masks\Forest_1034.tif
C:\geo-deep-learning\Data\images\Forest_1035.tif;C:\geo-deep-learning\Data\masks\Forest_1035.tif
C:\geo-deep-learning\Data\images\Forest_1036.tif;C:\geo-deep-learning\Data\masks\Forest_1036.tif
C:\geo-deep-learning\Data\images\Forest_1037.tif;C:\geo-deep-learning\Data\masks\Forest_1037.tif
C:\geo-deep-learning\Data\images\Forest_1038.tif;C:\geo-deep-learning\Data\masks\Forest_1038.tif
C:\geo-deep-learning\Data\images\Forest_1039.tif;C:\geo-deep-learning\Data\masks\Forest_1039.tif
C:\geo-deep-learning\Data\images\Forest_104.tif;C:\geo-deep-learning\Data\masks\Forest_104.tif
C:\geo-deep-learning\Data\images\Forest_1040.tif;C:\geo-deep-learning\Data\masks\Forest_1040.tif
C:\geo-deep-learning\Data\images\Forest_1041.tif;C:\geo-deep-learning\Data\masks\Forest_1041.tif
C:\geo-deep-learning\Data\images\Forest_1042.tif;C:\geo-deep-learning\Data\masks\Forest_1042.tif
C:\geo-deep-learning\Data\images\HerbaceousVegetation_1.tif;C:\geo-deep-learning\Data\masks\HerbaceousVegetation_1.tif
C:\geo-deep-learning\Data\images\HerbaceousVegetation_10.tif;C:\geo-deep-learning\Data\masks\HerbaceousVegetation_10.tif
C:\geo-deep-learning\Data\images\HerbaceousVegetation_100.tif;C:\geo-deep-learning\Data\masks\HerbaceousVegetation_100.tif
C:\geo-deep-learning\Data\images\HerbaceousVegetation_1000.tif;C:\geo-deep-learning\Data\masks\HerbaceousVegetation_1000.tif
C:\geo-deep-learning\Data\images\HerbaceousVegetation_1001.tif;C:\geo-deep-learning\Data\masks\HerbaceousVegetation_1001.tif
C:\geo-deep-learning\Data\images\HerbaceousVegetation_1002.tif;C:\geo-deep-learning\Data\masks\HerbaceousVegetation_1002.tif
C:\geo-deep-learning\Data\images\HerbaceousVegetation_1003.tif;C:\geo-deep-learning\Data\masks\HerbaceousVegetation_1003.tif
C:\geo-deep-learning\Data\images\HerbaceousVegetation_1004.tif;C:\geo-deep-learning\Data\masks\HerbaceousVegetation_1004.tif
C:\geo-deep-learning\Data\images\HerbaceousVegetation_1005.tif;C:\geo-deep-learning\Data\masks\HerbaceousVegetation_1005.tif
C:\geo-deep-learning\Data\images\HerbaceousVegetation_1006.tif;C:\geo-deep-learning\Data\masks\HerbaceousVegetation_1006.tif
C:\geo-deep-learning\Data\images\HerbaceousVegetation_1007.tif;C:\geo-deep-learning\Data\masks\HerbaceousVegetation_1007.tif
C:\geo-deep-learning\Data\images\HerbaceousVegetation_1008.tif;C:\geo-deep-learning\Data\masks\HerbaceousVegetation_1008.tif
C:\geo-deep-learning\Data\images\HerbaceousVegetation_1009.tif;C:\geo-deep-learning\Data\masks\HerbaceousVegetation_1009.tif
C:\geo-deep-learning\Data\images\HerbaceousVegetation_101.tif;C:\geo-deep-learning\Data\masks\HerbaceousVegetation_101.tif
C:\geo-deep-learning\Data\images\HerbaceousVegetation_1010.tif;C:\geo-deep-learning\Data\masks\HerbaceousVegetation_1010.tif
C:\geo-deep-learning\Data\images\HerbaceousVegetation_1011.tif;C:\geo-deep-learning\Data\masks\HerbaceousVegetation_1011.tif
C:\geo-deep-learning\Data\images\HerbaceousVegetation_1012.tif;C:\geo-deep-learning\Data\masks\HerbaceousVegetation_1012.tif
C:\geo-deep-learning\Data\images\HerbaceousVegetation_1013.tif;C:\geo-deep-learning\Data\masks\HerbaceousVegetation_1013.tif
C:\geo-deep-learning\Data\images\HerbaceousVegetation_1014.tif;C:\geo-deep-learning\Data\masks\HerbaceousVegetation_1014.tif
C:\geo-deep-learning\Data\images\HerbaceousVegetation_1015.tif;C:\geo-deep-learning\Data\masks\HerbaceousVegetation_1015.tif
C:\geo-deep-learning\Data\images\HerbaceousVegetation_1016.tif;C:\geo-deep-learning\Data\masks\HerbaceousVegetation_1016.tif
C:\geo-deep-learning\Data\images\HerbaceousVegetation_1017.tif;C:\geo-deep-learning\Data\masks\HerbaceousVegetation_1017.tif
C:\geo-deep-learning\Data\images\HerbaceousVegetation_1018.tif;C:\geo-deep-learning\Data\masks\HerbaceousVegetation_1018.tif
C:\geo-deep-learning\Data\images\HerbaceousVegetation_1019.tif;C:\geo-deep-learning\Data\masks\HerbaceousVegetation_1019.tif
C:\geo-deep-learning\Data\images\HerbaceousVegetation_102.tif;C:\geo-deep-learning\Data\masks\HerbaceousVegetation_102.tif
C:\geo-deep-learning\Data\images\HerbaceousVegetation_1020.tif;C:\geo-deep-learning\Data\masks\HerbaceousVegetation_1020.tif
C:\geo-deep-learning\Data\images\HerbaceousVegetation_1021.tif;C:\geo-deep-learning\Data\masks\HerbaceousVegetation_1021.tif
C:\geo-deep-learning\Data\images\HerbaceousVegetation_1022.tif;C:\geo-deep-learning\Data\masks\HerbaceousVegetation_1022.tif
C:\geo-deep-learning\Data\images\HerbaceousVegetation_1023.tif;C:\geo-deep-learning\Data\masks\HerbaceousVegetation_1023.tif
C:\geo-deep-learning\Data\images\HerbaceousVegetation_1024.tif;C:\geo-deep-learning\Data\masks\HerbaceousVegetation_1024.tif
C:\geo-deep-learning\Data\images\HerbaceousVegetation_1025.tif;C:\geo-deep-learning\Data\masks\HerbaceousVegetation_1025.tif
C:\geo-deep-learning\Data\images\HerbaceousVegetation_1026.tif;C:\geo-deep-learning\Data\masks\HerbaceousVegetation_1026.tif
C:\geo-deep-learning\Data\images\HerbaceousVegetation_1027.tif;C:\geo-deep-learning\Data\masks\HerbaceousVegetation_1027.tif
C:\geo-deep-learning\Data\images\HerbaceousVegetation_1028.tif;C:\geo-deep-learning\Data\masks\HerbaceousVegetation_1028.tif
C:\geo-deep-learning\Data\images\HerbaceousVegetation_1029.tif;C:\geo-deep-learning\Data\masks\HerbaceousVegetation_1029.tif
C:\geo-deep-learning\Data\images\HerbaceousVegetation_103.tif;C:\geo-deep-learning\Data\masks\HerbaceousVegetation_103.tif
C:\geo-deep-learning\Data\images\HerbaceousVegetation_1030.tif;C:\geo-deep-learning\Data\masks\HerbaceousVegetation_1030.tif
C:\geo-deep-learning\Data\images\HerbaceousVegetation_1031.tif;C:\geo-deep-learning\Data\masks\HerbaceousVegetation_1031.tif
C:\geo-deep-learning\Data\images\HerbaceousVegetation_1032.tif;C:\geo-deep-learning\Data\masks\HerbaceousVegetation_1032.tif
C:\geo-deep-learning\Data\images\HerbaceousVegetation_1033.tif;C:\geo-deep-learning\Data\masks\HerbaceousVegetation_1033.tif
C:\geo-deep-learning\Data\images\HerbaceousVegetation_1034.tif;C:\geo-deep-learning\Data\masks\HerbaceousVegetation_1034.tif
C:\geo-deep-learning\Data\images\HerbaceousVegetation_1035.tif;C:\geo-deep-learning\Data\masks\HerbaceousVegetation_1035.tif
C:\geo-deep-learning\Data\images\HerbaceousVegetation_1036.tif;C:\geo-deep-learning\Data\masks\HerbaceousVegetation_1036.tif
C:\geo-deep-learning\Data\images\HerbaceousVegetation_1037.tif;C:\geo-deep-learning\Data\masks\HerbaceousVegetation_1037.tif
C:\geo-deep-learning\Data\images\HerbaceousVegetation_1038.tif;C:\geo-deep-learning\Data\masks\HerbaceousVegetation_1038.tif
C:\geo-deep-learning\Data\images\HerbaceousVegetation_1039.tif;C:\geo-deep-learning\Data\masks\HerbaceousVegetation_1039.tif
C:\geo-deep-learning\Data\images\HerbaceousVegetation_104.tif;C:\geo-deep-learning\Data\masks\HerbaceousVegetation_104.tif
C:\geo-deep-learning\Data\images\HerbaceousVegetation_1040.tif;C:\geo-deep-learning\Data\masks\HerbaceousVegetation_1040.tif
C:\geo-deep-learning\Data\images\HerbaceousVegetation_1041.tif;C:\geo-deep-learning\Data\masks\HerbaceousVegetation_1041.tif
C:\geo-deep-learning\Data\images\HerbaceousVegetation_1042.tif;C:\geo-deep-learning\Data\masks\HerbaceousVegetation_1042.tif
C:\geo-deep-learning\Data\images\Highway_1.tif;C:\geo-deep-learning\Data\masks\Highway_1.tif
C:\geo-deep-learning\Data\images\Highway_10.tif;C:\geo-deep-learning\Data\masks\Highway_10.tif
C:\geo-deep-learning\Data\images\Highway_100.tif;C:\geo-deep-learning\Data\masks\Highway_100.tif
C:\geo-deep-learning\Data\images\Highway_1000.tif;C:\geo-deep-learning\Data\masks\Highway_1000.tif
C:\geo-deep-learning\Data\images\Highway_1001.tif;C:\geo-deep-learning\Data\masks\Highway_1001.tif
C:\geo-deep-learning\Data\images\Highway_1002.tif;C:\geo-deep-learning\Data\masks\Highway_1002.tif
C:\geo-deep-learning\Data\images\Highway_1003.tif;C:\geo-deep-learning\Data\masks\Highway_1003.tif
C:\geo-deep-learning\Data\images\Highway_1004.tif;C:\geo-deep-learning\Data\masks\Highway_1004.tif
C:\geo-deep-learning\Data\images\Highway_1005.tif;C:\geo-deep-learning\Data\masks\Highway_1005.tif
C:\geo-deep-learning\Data\images\Highway_1006.tif;C:\geo-deep-learning\Data\masks\Highway_1006.tif
C:\geo-deep-learning\Data\images\Highway_1007.tif;C:\geo-deep-learning\Data\masks\Highway_1007.tif
C:\geo-deep-learning\Data\images\Highway_1008.tif;C:\geo-deep-learning\Data\masks\Highway_1008.tif
C:\geo-deep-learning\Data\images\Highway_1009.tif;C:\geo-deep-learning\Data\masks\Highway_1009.tif
C:\geo-deep-learning\Data\images\Highway_101.tif;C:\geo-deep-learning\Data\masks\Highway_101.tif
C:\geo-deep-learning\Data\images\Highway_1010.tif;C:\geo-deep-learning\Data\masks\Highway_1010.tif
C:\geo-deep-learning\Data\images\Highway_1011.tif;C:\geo-deep-learning\Data\masks\Highway_1011.tif
C:\geo-deep-learning\Data\images\Highway_1012.tif;C:\geo-deep-learning\Data\masks\Highway_1012.tif
C:\geo-deep-learning\Data\images\Highway_1013.tif;C:\geo-deep-learning\Data\masks\Highway_1013.tif
C:\geo-deep-learning\Data\images\Highway_1014.tif;C:\geo-deep-learning\Data\masks\Highway_1014.tif
C:\geo-deep-learning\Data\images\Highway_1015.tif;C:\geo-deep-learning\Data\masks\Highway_1015.tif
C:\geo-deep-learning\Data\images\Highway_1016.tif;C:\geo-deep-learning\Data\masks\Highway_1016.tif
C:\geo-deep-learning\Data\images\Highway_1017.tif;C:\geo-deep-learning\Data\masks\Highway_1017.tif
C:\geo-deep-learning\Data\images\Highway_1018.tif;C:\geo-deep-learning\Data\masks\Highway_1018.tif
C:\geo-deep-learning\Data\images\Highway_1019.tif;C:\geo-deep-learning\Data\masks\Highway_1019.tif
C:\geo-deep-learning\Data\images\Highway_102.tif;C:\geo-deep-learning\Data\masks\Highway_102.tif
C:\geo-deep-learning\Data\images\Highway_1020.tif;C:\geo-deep-learning\Data\masks\Highway_1020.tif
C:\geo-deep-learning\Data\images\Highway_1021.tif;C:\geo-deep-learning\Data\masks\Highway_1021.tif
C:\geo-deep-learning\Data\images\Highway_1022.tif;C:\geo-deep-learning\Data\masks\Highway_1022.tif
C:\geo-deep-learning\Data\images\Highway_1023.tif;C:\geo-deep-learning\Data\masks\Highway_1023.tif
C:\geo-deep-learning\Data\images\Highway_1024.tif;C:\geo-deep-learning\Data\masks\Highway_1024.tif
C:\geo-deep-learning\Data\images\Highway_1025.tif;C:\geo-deep-learning\Data\masks\Highway_1025.tif
C:\geo-deep-learning\Data\images\Highway_1026.tif;C:\geo-deep-learning\Data\masks\Highway_1026.tif
C:\geo-deep-learning\Data\images\Highway_1027.tif;C:\geo-deep-learning\Data\masks\Highway_1027.tif
C:\geo-deep-learning\Data\images\Highway_1028.tif;C:\geo-deep-learning\Data\masks\Highway_1028.tif
C:\geo-deep-learning\Data\images\Highway_1029.tif;C:\geo-deep-learning\Data\masks\Highway_1029.tif
C:\geo-deep-learning\Data\images\Highway_103.tif;C:\geo-deep-learning\Data\masks\Highway_103.tif
C:\geo-deep-learning\Data\images\Highway_1030.tif;C:\geo-deep-learning\Data\masks\Highway_1030.tif
C:\geo-deep-learning\Data\images\Highway_1031.tif;C:\geo-deep-learning\Data\masks\Highway_1031.tif
C:\geo-deep-learning\Data\images\Highway_1032.tif;C:\geo-deep-learning\Data\masks\Highway_1032.tif
C:\geo-deep-learning\Data\images\Highway_1033.tif;C:\geo-deep-learning\Data\masks\Highway_1033.tif
C:\geo-deep-learning\Data\images\Highway_1034.tif;C:\geo-deep-learning\Data\masks\Highway_1034.tif
C:\geo-deep-learning\Data\images\Highway_1035.tif;C:\geo-deep-learning\Data\masks\Highway_1035.tif
C:\geo-deep-learning\Data\images\Highway_1036.tif;C:\geo-deep-learning\Data\masks\Highway_1036.tif
C:\geo-deep-learning\Data\images\Highway_1037.tif;C:\geo-deep-learning\Data\masks\Highway_1037.tif
C:\geo-deep-learning\Data\images\Highway_1038.tif;C:\geo-deep-learning\Data\masks\Highway_1038.tif
C:\geo-deep-learning\Data\images\Highway_1039.tif;C:\geo-deep-learning\Data\masks\Highway_1039.tif
C:\geo-deep-learning\Data\images\Highway_104.tif;C:\geo-deep-learning\Data\masks\Highway_104.tif
C:\geo-deep-learning\Data\images\Highway_1040.tif;C:\geo-deep-learning\Data\masks\Highway_1040.tif
C:\geo-deep-learning\Data\images\Highway_1041.tif;C:\geo-deep-learning\Data\masks\Highway_1041.tif
C:\geo-deep-learning\Data\images\Highway_1042.tif;C:\geo-deep-learning\Data\masks\Highway_1042.tif
C:\geo-deep-learning\Data\images\Industrial_1.tif;C:\geo-deep-learning\Data\masks\Industrial_1.tif
C:\geo-deep-learning\Data\images\Industrial_10.tif;C:\geo-deep-learning\Data\masks\Industrial_10.tif
C:\geo-deep-learning\Data\images\Industrial_100.tif;C:\geo-deep-learning\Data\masks\Industrial_100.tif
C:\geo-deep-learning\Data\images\Industrial_1000.tif;C:\geo-deep-learning\Data\masks\Industrial_1000.tif
C:\geo-deep-learning\Data\images\Industrial_1001.tif;C:\geo-deep-learning\Data\masks\Industrial_1001.tif
C:\geo-deep-learning\Data\images\Industrial_1002.tif;C:\geo-deep-learning\Data\masks\Industrial_1002.tif
C:\geo-deep-learning\Data\images\Industrial_1003.tif;C:\geo-deep-learning\Data\masks\Industrial_1003.tif
C:\geo-deep-learning\Data\images\Industrial_1004.tif;C:\geo-deep-learning\Data\masks\Industrial_1004.tif
C:\geo-deep-learning\Data\images\Industrial_1005.tif;C:\geo-deep-learning\Data\masks\Industrial_1005.tif
C:\geo-deep-learning\Data\images\Industrial_1006.tif;C:\geo-deep-learning\Data\masks\Industrial_1006.tif
C:\geo-deep-learning\Data\images\Industrial_1007.tif;C:\geo-deep-learning\Data\masks\Industrial_1007.tif
C:\geo-deep-learning\Data\images\Industrial_1008.tif;C:\geo-deep-learning\Data\masks\Industrial_1008.tif
C:\geo-deep-learning\Data\images\Industrial_1009.tif;C:\geo-deep-learning\Data\masks\Industrial_1009.tif
C:\geo-deep-learning\Data\images\Industrial_101.tif;C:\geo-deep-learning\Data\masks\Industrial_101.tif
C:\geo-deep-learning\Data\images\Industrial_1010.tif;C:\geo-deep-learning\Data\masks\Industrial_1010.tif
C:\geo-deep-learning\Data\images\Industrial_1011.tif;C:\geo-deep-learning\Data\masks\Industrial_1011.tif
C:\geo-deep-learning\Data\images\Industrial_1012.tif;C:\geo-deep-learning\Data\masks\Industrial_1012.tif
C:\geo-deep-learning\Data\images\Industrial_1013.tif;C:\geo-deep-learning\Data\masks\Industrial_1013.tif
C:\geo-deep-learning\Data\images\Industrial_1014.tif;C:\geo-deep-learning\Data\masks\Industrial_1014.tif
C:\geo-deep-learning\Data\images\Industrial_1015.tif;C:\geo-deep-learning\Data\masks\Industrial_1015.tif
C:\geo-deep-learning\Data\images\Industrial_1016.tif;C:\geo-deep-learning\Data\masks\Industrial_1016.tif
C:\geo-deep-learning\Data\images\Industrial_1017.tif;C:\geo-deep-learning\Data\masks\Industrial_1017.tif
C:\geo-deep-learning\Data\images\Industrial_1018.tif;C:\geo-deep-learning\Data\masks\Industrial_1018.tif
C:\geo-deep-learning\Data\images\Industrial_1019.tif;C:\geo-deep-learning\Data\masks\Industrial_1019.tif
C:\geo-deep-learning\Data\images\Industrial_102.tif;C:\geo-deep-learning\Data\masks\Industrial_102.tif
C:\geo-deep-learning\Data\images\Industrial_1020.tif;C:\geo-deep-learning\Data\masks\Industrial_1020.tif
C:\geo-deep-learning\Data\images\Industrial_1021.tif;C:\geo-deep-learning\Data\masks\Industrial_1021.tif
C:\geo-deep-learning\Data\images\Industrial_1022.tif;C:\geo-deep-learning\Data\masks\Industrial_1022.tif
C:\geo-deep-learning\Data\images\Industrial_1023.tif;C:\geo-deep-learning\Data\masks\Industrial_1023.tif
C:\geo-deep-learning\Data\images\Industrial_1024.tif;C:\geo-deep-learning\Data\masks\Industrial_1024.tif
C:\geo-deep-learning\Data\images\Industrial_1025.tif;C:\geo-deep-learning\Data\masks\Industrial_1025.tif
C:\geo-deep-learning\Data\images\Industrial_1026.tif;C:\geo-deep-learning\Data\masks\Industrial_1026.tif
C:\geo-deep-learning\Data\images\Industrial_1027.tif;C:\geo-deep-learning\Data\masks\Industrial_1027.tif
C:\geo-deep-learning\Data\images\Industrial_1028.tif;C:\geo-deep-learning\Data\masks\Industrial_1028.tif
C:\geo-deep-learning\Data\images\Industrial_1029.tif;C:\geo-deep-learning\Data\masks\Industrial_1029.tif
C:\geo-deep-learning\Data\images\Industrial_103.tif;C:\geo-deep-learning\Data\masks\Industrial_103.tif
C:\geo-deep-learning\Data\images\Industrial_1030.tif;C:\geo-deep-learning\Data\masks\Industrial_1030.tif
C:\geo-deep-learning\Data\images\Industrial_1031.tif;C:\geo-deep-learning\Data\masks\Industrial_1031.tif
C:\geo-deep-learning\Data\images\Industrial_1032.tif;C:\geo-deep-learning\Data\masks\Industrial_1032.tif
C:\geo-deep-learning\Data\images\Industrial_1033.tif;C:\geo-deep-learning\Data\masks\Industrial_1033.tif
C:\geo-deep-learning\Data\images\Industrial_1034.tif;C:\geo-deep-learning\Data\masks\Industrial_1034.tif
C:\geo-deep-learning\Data\images\Industrial_1035.tif;C:\geo-deep-learning\Data\masks\Industrial_1035.tif
C:\geo-deep-learning\Data\images\Industrial_1036.tif;C:\geo-deep-learning\Data\masks\Industrial_1036.tif
C:\geo-deep-learning\Data\images\Industrial_1037.tif;C:\geo-deep-learning\Data\masks\Industrial_1037.tif
C:\geo-deep-learning\Data\images\Industrial_1038.tif;C:\geo-deep-learning\Data\masks\Industrial_1038.tif
C:\geo-deep-learning\Data\images\Industrial_1039.tif;C:\geo-deep-learning\Data\masks\Industrial_1039.tif
C:\geo-deep-learning\Data\images\Industrial_104.tif;C:\geo-deep-learning\Data\masks\Industrial_104.tif
C:\geo-deep-learning\Data\images\Industrial_1040.tif;C:\geo-deep-learning\Data\masks\Industrial_1040.tif
C:\geo-deep-learning\Data\images\Industrial_1041.tif;C:\geo-deep-learning\Data\masks\Industrial_1041.tif
C:\geo-deep-learning\Data\images\Industrial_1042.tif;C:\geo-deep-learning\Data\masks\Industrial_1042.tif
C:\geo-deep-learning\Data\images\Pasture_1.tif;C:\geo-deep-learning\Data\masks\Pasture_1.tif
C:\geo-deep-learning\Data\images\Pasture_10.tif;C:\geo-deep-learning\Data\masks\Pasture_10.tif
C:\geo-deep-learning\Data\images\Pasture_100.tif;C:\geo-deep-learning\Data\masks\Pasture_100.tif
C:\geo-deep-learning\Data\images\Pasture_1000.tif;C:\geo-deep-learning\Data\masks\Pasture_1000.tif
C:\geo-deep-learning\Data\images\Pasture_1001.tif;C:\geo-deep-learning\Data\masks\Pasture_1001.tif
C:\geo-deep-learning\Data\images\Pasture_1002.tif;C:\geo-deep-learning\Data\masks\Pasture_1002.tif
C:\geo-deep-learning\Data\images\Pasture_1003.tif;C:\geo-deep-learning\Data\masks\Pasture_1003.tif
C:\geo-deep-learning\Data\images\Pasture_1004.tif;C:\geo-deep-learning\Data\masks\Pasture_1004.tif
C:\geo-deep-learning\Data\images\Pasture_1005.tif;C:\geo-deep-learning\Data\masks\Pasture_1005.tif
C:\geo-deep-learning\Data\images\Pasture_1006.tif;C:\geo-deep-learning\Data\masks\Pasture_1006.tif
C:\geo-deep-learning\Data\images\Pasture_1007.tif;C:\geo-deep-learning\Data\masks\Pasture_1007.tif
C:\geo-deep-learning\Data\images\Pasture_1008.tif;C:\geo-deep-learning\Data\masks\Pasture_1008.tif
C:\geo-deep-learning\Data\images\Pasture_1009.tif;C:\geo-deep-learning\Data\masks\Pasture_1009.tif
C:\geo-deep-learning\Data\images\Pasture_101.tif;C:\geo-deep-learning\Data\masks\Pasture_101.tif
C:\geo-deep-learning\Data\images\Pasture_1010.tif;C:\geo-deep-learning\Data\masks\Pasture_1010.tif
C:\geo-deep-learning\Data\images\Pasture_1011.tif;C:\geo-deep-learning\Data\masks\Pasture_1011.tif
C:\geo-deep-learning\Data\images\Pasture_1012.tif;C:\geo-deep-learning\Data\masks\Pasture_1012.tif
C:\geo-deep-learning\Data\images\Pasture_1013.tif;C:\geo-deep-learning\Data\masks\Pasture_1013.tif
C:\geo-deep-learning\Data\images\Pasture_1014.tif;C:\geo-deep-learning\Data\masks\Pasture_1014.tif
C:\geo-deep-learning\Data\images\Pasture_1015.tif;C:\geo-deep-learning\Data\masks\Pasture_1015.tif
C:\geo-deep-learning\Data\images\Pasture_1016.tif;C:\geo-deep-learning\Data\masks\Pasture_1016.tif
C:\geo-deep-learning\Data\images\Pasture_1017.tif;C:\geo-deep-learning\Data\masks\Pasture_1017.tif
C:\geo-deep-learning\Data\images\Pasture_1018.tif;C:\geo-deep-learning\Data\masks\Pasture_1018.tif
C:\geo-deep-learning\Data\images\Pasture_1019.tif;C:\geo-deep-learning\Data\masks\Pasture_1019.tif
C:\geo-deep-learning\Data\images\Pasture_102.tif;C:\geo-deep-learning\Data\masks\Pasture_102.tif
C:\geo-deep-learning\Data\images\Pasture_1020.tif;C:\geo-deep-learning\Data\masks\Pasture_1020.tif
C:\geo-deep-learning\Data\images\Pasture_1021.tif;C:\geo-deep-learning\Data\masks\Pasture_1021.tif
C:\geo-deep-learning\Data\images\Pasture_1022.tif;C:\geo-deep-learning\Data\masks\Pasture_1022.tif
C:\geo-deep-learning\Data\images\Pasture_1023.tif;C:\geo-deep-learning\Data\masks\Pasture_1023.tif
C:\geo-deep-learning\Data\images\Pasture_1024.tif;C:\geo-deep-learning\Data\masks\Pasture_1024.tif
C:\geo-deep-learning\Data\images\Pasture_1025.tif;C:\geo-deep-learning\Data\masks\Pasture_1025.tif
C:\geo-deep-learning\Data\images\Pasture_1026.tif;C:\geo-deep-learning\Data\masks\Pasture_1026.tif
C:\geo-deep-learning\Data\images\Pasture_1027.tif;C:\geo-deep-learning\Data\masks\Pasture_1027.tif
C:\geo-deep-learning\Data\images\Pasture_1028.tif;C:\geo-deep-learning\Data\masks\Pasture_1028.tif
C:\geo-deep-learning\Data\images\Pasture_1029.tif;C:\geo-deep-learning\Data\masks\Pasture_1029.tif
C:\geo-deep-learning\Data\images\Pasture_103.tif;C:\geo-deep-learning\Data\masks\Pasture_103.tif
C:\geo-deep-learning\Data\images\Pasture_1030.tif;C:\geo-deep-learning\Data\masks\Pasture_1030.tif
C:\geo-deep-learning\Data\images\Pasture_1031.tif;C:\geo-deep-learning\Data\masks\Pasture_1031.tif
C:\geo-deep-learning\Data\images\Pasture_1032.tif;C:\geo-deep-learning\Data\masks\Pasture_1032.tif
C:\geo-deep-learning\Data\images\Pasture_1033.tif;C:\geo-deep-learning\Data\masks\Pasture_1033.tif
C:\geo-deep-learning\Data\images\Pasture_1034.tif;C:\geo-deep-learning\Data\masks\Pasture_1034.tif
C:\geo-deep-learning\Data\images\Pasture_1035.tif;C:\geo-deep-learning\Data\masks\Pasture_1035.tif
C:\geo-deep-learning\Data\images\Pasture_1036.tif;C:\geo-deep-learning\Data\masks\Pasture_1036.tif
C:\geo-deep-learning\Data\images\Pasture_1037.tif;C:\geo-deep-learning\Data\masks\Pasture_1037.tif
C:\geo-deep-learning\Data\images\Pasture_1038.tif;C:\geo-deep-learning\Data\masks\Pasture_1038.tif
C:\geo-deep-learning\Data\images\Pasture_1039.tif;C:\geo-deep-learning\Data\masks\Pasture_1039.tif
C:\geo-deep-learning\Data\images\Pasture_104.tif;C:\geo-deep-learning\Data\masks\Pasture_104.tif
C:\geo-deep-learning\Data\images\Pasture_1040.tif;C:\geo-deep-learning\Data\masks\Pasture_1040.tif
C:\geo-deep-learning\Data\images\Pasture_1041.tif;C:\geo-deep-learning\Data\masks\Pasture_1041.tif
C:\geo-deep-learning\Data\images\Pasture_1042.tif;C:\geo-deep-learning\Data\masks\Pasture_1042.tif
C:\geo-deep-learning\Data\images\PermanentCrop_1.tif;C:\geo-deep-learning\Data\masks\PermanentCrop_1.tif
C:\geo-deep-learning\Data\images\PermanentCrop_10.tif;C:\geo-deep-learning\Data\masks\PermanentCrop_10.tif
C:\geo-deep-learning\Data\images\PermanentCrop_100.tif;C:\geo-deep-learning\Data\masks\PermanentCrop_100.tif
C:\geo-deep-learning\Data\images\PermanentCrop_1000.tif;C:\geo-deep-learning\Data\masks\PermanentCrop_1000.tif
C:\geo-deep-learning\Data\images\PermanentCrop_1001.tif;C:\geo-deep-learning\Data\masks\PermanentCrop_1001.tif
C:\geo-deep-learning\Data\images\PermanentCrop_1002.tif;C:\geo-deep-learning\Data\masks\PermanentCrop_1002.tif
C:\geo-deep-learning\Data\images\PermanentCrop_1003.tif;C:\geo-deep-learning\Data\masks\PermanentCrop_1003.tif
C:\geo-deep-learning\Data\images\PermanentCrop_1004.tif;C:\geo-deep-learning\Data\masks\PermanentCrop_1004.tif
C:\geo-deep-learning\Data\images\PermanentCrop_1005.tif;C:\geo-deep-learning\Data\masks\PermanentCrop_1005.tif
C:\geo-deep-learning\Data\images\PermanentCrop_1006.tif;C:\geo-deep-learning\Data\masks\PermanentCrop_1006.tif
C:\geo-deep-learning\Data\images\PermanentCrop_1007.tif;C:\geo-deep-learning\Data\masks\PermanentCrop_1007.tif
C:\geo-deep-learning\Data\images\PermanentCrop_1008.tif;C:\geo-deep-learning\Data\masks\PermanentCrop_1008.tif
C:\geo-deep-learning\Data\images\PermanentCrop_1009.tif;C:\geo-deep-learning\Data\masks\PermanentCrop_1009.tif
C:\geo-deep-learning\Data\images\PermanentCrop_101.tif;C:\geo-deep-learning\Data\masks\PermanentCrop_101.tif
C:\geo-deep-learning\Data\images\PermanentCrop_1010.tif;C:\geo-deep-learning\Data\masks\PermanentCrop_1010.tif
C:\geo-deep-learning\Data\images\PermanentCrop_1011.tif;C:\geo-deep-learning\Data\masks\PermanentCrop_1011.tif
C:\geo-deep-learning\Data\images\PermanentCrop_1012.tif;C:\geo-deep-learning\Data\masks\PermanentCrop_1012.tif
C:\geo-deep-learning\Data\images\PermanentCrop_1013.tif;C:\geo-deep-learning\Data\masks\PermanentCrop_1013.tif
C:\geo-deep-learning\Data\images\PermanentCrop_1014.tif;C:\geo-deep-learning\Data\masks\PermanentCrop_1014.tif
C:\geo-deep-learning\Data\images\PermanentCrop_1015.tif;C:\geo-deep-learning\Data\masks\PermanentCrop_1015.tif
C:\geo-deep-learning\Data\images\PermanentCrop_1016.tif;C:\geo-deep-learning\Data\masks\PermanentCrop_1016.tif
C:\geo-deep-learning\Data\images\PermanentCrop_1017.tif;C:\geo-deep-learning\Data\masks\PermanentCrop_1017.tif
C:\geo-deep-learning\Data\images\PermanentCrop_1018.tif;C:\geo-deep-learning\Data\masks\PermanentCrop_1018.tif
C:\geo-deep-learning\Data\images\PermanentCrop_1019.tif;C:\geo-deep-learning\Data\masks\PermanentCrop_1019.tif
C:\geo-deep-learning\Data\images\PermanentCrop_102.tif;C:\geo-deep-learning\Data\masks\PermanentCrop_102.tif
C:\geo-deep-learning\Data\images\PermanentCrop_1020.tif;C:\geo-deep-learning\Data\masks\PermanentCrop_1020.tif
C:\geo-deep-learning\Data\images\PermanentCrop_1021.tif;C:\geo-deep-learning\Data\masks\PermanentCrop_1021.tif
C:\geo-deep-learning\Data\images\PermanentCrop_1022.tif;C:\geo-deep-learning\Data\masks\PermanentCrop_1022.tif
C:\geo-deep-learning\Data\images\PermanentCrop_1023.tif;C:\geo-deep-learning\Data\masks\PermanentCrop_1023.tif
C:\geo-deep-learning\Data\images\PermanentCrop_1024.tif;C:\geo-deep-learning\Data\masks\PermanentCrop_1024.tif
C:\geo-deep-learning\Data\images\PermanentCrop_1025.tif;C:\geo-deep-learning\Data\masks\PermanentCrop_1025.tif
C:\geo-deep-learning\Data\images\PermanentCrop_1026.tif;C:\geo-deep-learning\Data\masks\PermanentCrop_1026.tif
C:\geo-deep-learning\Data\images\PermanentCrop_1027.tif;C:\geo-deep-learning\Data\masks\PermanentCrop_1027.tif
C:\geo-deep-learning\Data\images\PermanentCrop_1028.tif;C:\geo-deep-learning\Data\masks\PermanentCrop_1028.tif
C:\geo-deep-learning\Data\images\PermanentCrop_1029.tif;C:\geo-deep-learning\Data\masks\PermanentCrop_1029.tif
C:\geo-deep-learning\Data\images\PermanentCrop_103.tif;C:\geo-deep-learning\Data\masks\PermanentCrop_103.tif
C:\geo-deep-learning\Data\images\PermanentCrop_1030.tif;C:\geo-deep-learning\Data\masks\PermanentCrop_1030.tif
C:\geo-deep-learning\Data\images\PermanentCrop_1031.tif;C:\geo-deep-learning\Data\masks\PermanentCrop_1031.tif
C:\geo-deep-learning\Data\images\PermanentCrop_1032.tif;C:\geo-deep-learning\Data\masks\PermanentCrop_1032.tif
C:\geo-deep-learning\Data\images\PermanentCrop_1033.tif;C:\geo-deep-learning\Data\masks\PermanentCrop_1033.tif
C:\geo-deep-learning\Data\images\PermanentCrop_1034.tif;C:\geo-deep-learning\Data\masks\PermanentCrop_1034.tif
C:\geo-deep-learning\Data\images\PermanentCrop_1035.tif;C:\geo-deep-learning\Data\masks\PermanentCrop_1035.tif
C:\geo-deep-learning\Data\images\PermanentCrop_1036.tif;C:\geo-deep-learning\Data\masks\PermanentCrop_1036.tif
C:\geo-deep-learning\Data\images\PermanentCrop_1037.tif;C:\geo-deep-learning\Data\masks\PermanentCrop_1037.tif
C:\geo-deep-learning\Data\images\PermanentCrop_1038.tif;C:\geo-deep-learning\Data\masks\PermanentCrop_1038.tif
C:\geo-deep-learning\Data\images\PermanentCrop_1039.tif;C:\geo-deep-learning\Data\masks\PermanentCrop_1039.tif
C:\geo-deep-learning\Data\images\PermanentCrop_104.tif;C:\geo-deep-learning\Data\masks\PermanentCrop_104.tif
C:\geo-deep-learning\Data\images\PermanentCrop_1040.tif;C:\geo-deep-learning\Data\masks\PermanentCrop_1040.tif
C:\geo-deep-learning\Data\images\PermanentCrop_1041.tif;C:\geo-deep-learning\Data\masks\PermanentCrop_1041.tif
C:\geo-deep-learning\Data\images\PermanentCrop_1042.tif;C:\geo-deep-learning\Data\masks\PermanentCrop_1042.tif
C:\geo-deep-learning\Data\images\Residential_1.tif;C:\geo-deep-learning\Data\masks\Residential_1.tif
C:\geo-deep-learning\Data\images\Residential_10.tif;C:\geo-deep-learning\Data\masks\Residential_10.tif
C:\geo-deep-learning\Data\images\Residential_100.tif;C:\geo-deep-learning\Data\masks\Residential_100.tif
C:\geo-deep-learning\Data\images\Residential_1000.tif;C:\geo-deep-learning\Data\masks\Residential_1000.tif
C:\geo-deep-learning\Data\images\Residential_1001.tif;C:\geo-deep-learning\Data\masks\Residential_1001.tif
C:\geo-deep-learning\Data\images\Residential_1002.tif;C:\geo-deep-learning\Data\masks\Residential_1002.tif
C:\geo-deep-learning\Data\images\Residential_1003.tif;C:\geo-deep-learning\Data\masks\Residential_1003.tif
C:\geo-deep-learning\Data\images\Residential_1004.tif;C:\geo-deep-learning\Data\masks\Residential_1004.tif
C:\geo-deep-learning\Data\images\Residential_1005.tif;C:\geo-deep-learning\Data\masks\Residential_1005.tif
C:\geo-deep-learning\Data\images\Residential_1006.tif;C:\geo-deep-learning\Data\masks\Residential_1006.tif
C:\geo-deep-learning\Data\images\Residential_1007.tif;C:\geo-deep-learning\Data\masks\Residential_1007.tif
C:\geo-deep-learning\Data\images\Residential_1008.tif;C:\geo-deep-learning\Data\masks\Residential_1008.tif
C:\geo-deep-learning\Data\images\Residential_1009.tif;C:\geo-deep-learning\Data\masks\Residential_1009.tif
C:\geo-deep-learning\Data\images\Residential_101.tif;C:\geo-deep-learning\Data\masks\Residential_101.tif
C:\geo-deep-learning\Data\images\Residential_1010.tif;C:\geo-deep-learning\Data\masks\Residential_1010.tif
C:\geo-deep-learning\Data\images\Residential_1011.tif;C:\geo-deep-learning\Data\masks\Residential_1011.tif
C:\geo-deep-learning\Data\images\Residential_1012.tif;C:\geo-deep-learning\Data\masks\Residential_1012.tif
C:\geo-deep-learning\Data\images\Residential_1013.tif;C:\geo-deep-learning\Data\masks\Residential_1013.tif
C:\geo-deep-learning\Data\images\Residential_1014.tif;C:\geo-deep-learning\Data\masks\Residential_1014.tif
C:\geo-deep-learning\Data\images\Residential_1015.tif;C:\geo-deep-learning\Data\masks\Residential_1015.tif
C:\geo-deep-learning\Data\images\Residential_1016.tif;C:\geo-deep-learning\Data\masks\Residential_1016.tif
C:\geo-deep-learning\Data\images\Residential_1017.tif;C:\geo-deep-learning\Data\masks\Residential_1017.tif
C:\geo-deep-learning\Data\images\Residential_1018.tif;C:\geo-deep-learning\Data\masks\Residential_1018.tif
C:\geo-deep-learning\Data\images\Residential_1019.tif;C:\geo-deep-learning\Data\masks\Residential_1019.tif
C:\geo-deep-learning\Data\images\Residential_102.tif;C:\geo-deep-learning\Data\masks\Residential_102.tif
C:\geo-deep-learning\Data\images\Residential_1020.tif;C:\geo-deep-learning\Data\masks\Residential_1020.tif
C:\geo-deep-learning\Data\images\Residential_1021.tif;C:\geo-deep-learning\Data\masks\Residential_1021.tif
C:\geo-deep-learning\Data\images\Residential_1022.tif;C:\geo-deep-learning\Data\masks\Residential_1022.tif
C:\geo-deep-learning\Data\images\Residential_1023.tif;C:\geo-deep-learning\Data\masks\Residential_1023.tif
C:\geo-deep-learning\Data\images\Residential_1024.tif;C:\geo-deep-learning\Data\masks\Residential_1024.tif
C:\geo-deep-learning\Data\images\Residential_1025.tif;C:\geo-deep-learning\Data\masks\Residential_1025.tif
C:\geo-deep-learning\Data\images\Residential_1026.tif;C:\geo-deep-learning\Data\masks\Residential_1026.tif
C:\geo-deep-learning\Data\images\Residential_1027.tif;C:\geo-deep-learning\Data\masks\Residential_1027.tif
C:\geo-deep-learning\Data\images\Residential_1028.tif;C:\geo-deep-learning\Data\masks\Residential_1028.tif
C:\geo-deep-learning\Data\images\Residential_1029.tif;C:\geo-deep-learning\Data\masks\Residential_1029.tif
C:\geo-deep-learning\Data\images\Residential_103.tif;C:\geo-deep-learning\Data\masks\Residential_103.tif
C:\geo-deep-learning\Data\images\Residential_1030.tif;C:\geo-deep-learning\Data\masks\Residential_1030.tif
C:\geo-deep-learning\Data\images\Residential_1031.tif;C:\geo-deep-learning\Data\masks\Residential_1031.tif
C:\geo-deep-learning\Data\images\Residential_1032.tif;C:\geo-deep-learning\Data\masks\Residential_1032.tif
C:\geo-deep-learning\Data\images\Residential_1033.tif;C:\geo-deep-learning\Data\masks\Residential_1033.tif
C:\geo-deep-learning\Data\images\Residential_1034.tif;C:\geo-deep-learning\Data\masks\Residential_1034.tif
C:\geo-deep-learning\Data\images\Residential_1035.tif;C:\geo-deep-learning\Data\masks\Residential_1035.tif
C:\geo-deep-learning\Data\images\Residential_1036.tif;C:\geo-deep-learning\Data\masks\Residential_1036.tif
C:\geo-deep-learning\Data\images\Residential_1037.tif;C:\geo-deep-learning\Data\masks\Residential_1037.tif
C:\geo-deep-learning\Data\images\Residential_1038.tif;C:\geo-deep-learning\Data\masks\Residential_1038.tif
C:\geo-deep-learning\Data\images\Residential_1039.tif;C:\geo-deep-learning\Data\masks\Residential_1039.tif
C:\geo-deep-learning\Data\images\Residential_104.tif;C:\geo-deep-learning\Data\masks\Residential_104.tif
C:\geo-deep-learning\Data\images\Residential_1040.tif;C:\geo-deep-learning\Data\masks\Residential_1040.tif
C:\geo-deep-learning\Data\images\Residential_1041.tif;C:\geo-deep-learning\Data\masks\Residential_1041.tif
C:\geo-deep-learning\Data\images\Residential_1042.tif;C:\geo-deep-learning\Data\masks\Residential_1042.tif
